{"attributes": {"name": "FormDiagram"}, "dva": {"x": 0.0, "y": 0.0, "z": 0.0, "px": 0.0, "py": 0.0, "pz": 0.0, "t": 1.0, "is_anchor": false, "is_fixed": false, "_sw": 0.0, "_rx": 0.0, "_ry": 0.0, "_rz": 0.0, "_is_external": false}, "dea": {"q": 1.0, "lmin": 0.0, "lmax": 10000000.0, "hmin": 0.0, "hmax": 10000000.0, "_f": 0.0, "_l": 0.0, "_a": 0.0, "_is_edge": true, "_is_external": false, "_is_tension": false}, "dfa": {"_is_loaded": true}, "vertex": {"0": {"x": 0.0, "y": 0.0, "z": 0.0, "is_anchor": true}, "1": {"x": 1.029586583693178, "y": 0.35661998379166604, "z": 0.0}, "2": {"x": 2.0372656207573807, "y": 0.624035760964206, "z": 0.0}, "3": {"x": 3.031361984334129, "y": 0.8103201865516722, "z": 0.0}, "4": {"x": 4.017517541919481, "y": 0.920333871916972, "z": 0.0}, "5": {"x": 4.999999999999998, "y": 0.9567236450664858, "z": 0.0}, "6": {"x": 5.982482458080517, "y": 0.9203338719169724, "z": 0.0}, "7": {"x": 6.968638015665871, "y": 0.8103201865516725, "z": 0.0}, "8": {"x": 7.962734379242619, "y": 0.6240357609642063, "z": 0.0}, "9": {"x": 8.97041341630682, "y": 0.35661998379166626, "z": 0.0}, "10": {"x": 10.0, "y": 0.0, "z": 0.0, "is_anchor": true}, "11": {"x": 0.3566199837916661, "y": 1.0295865836931766, "z": 0.0}, "12": {"x": 1.2486620499829284, "y": 1.2486620499829275, "z": 0.0}, "13": {"x": 2.1730923556319253, "y": 1.4353492768149434, "z": 0.0}, "14": {"x": 3.1107700442480866, "y": 1.5730275887733363, "z": 0.0}, "15": {"x": 4.054248536967835, "y": 1.6565729940748348, "z": 0.0}, "16": {"x": 4.999999999999997, "y": 1.6845191080567579, "z": 0.0}, "17": {"x": 5.9457514630321615, "y": 1.6565729940748353, "z": 0.0}, "18": {"x": 6.889229955751912, "y": 1.5730275887733371, "z": 0.0}, "19": {"x": 7.826907644368074, "y": 1.4353492768149445, "z": 0.0}, "20": {"x": 8.75133795001707, "y": 1.2486620499829286, "z": 0.0}, "21": {"x": 9.643380016208333, "y": 1.0295865836931777, "z": 0.0}, "22": {"x": 0.624035760964206, "y": 2.0372656207573785, "z": 0.0}, "23": {"x": 1.4353492768149443, "y": 2.1730923556319235, "z": 0.0}, "24": {"x": 2.2956717075393054, "y": 2.295671707539304, "z": 0.0}, "25": {"x": 3.184377300058458, "y": 2.389867897651894, "z": 0.0}, "26": {"x": 4.088706561703776, "y": 2.448411407552274, "z": 0.0}, "27": {"x": 4.999999999999998, "y": 2.4682067990108774, "z": 0.0}, "28": {"x": 5.91129343829622, "y": 2.448411407552274, "z": 0.0}, "29": {"x": 6.81562269994154, "y": 2.389867897651896, "z": 0.0}, "30": {"x": 7.704328292460691, "y": 2.295671707539306, "z": 0.0}, "31": {"x": 8.564650723185055, "y": 2.1730923556319257, "z": 0.0}, "32": {"x": 9.375964239035792, "y": 2.0372656207573803, "z": 0.0}, "33": {"x": 0.810320186551672, "y": 3.0313619843341257, "z": 0.0}, "34": {"x": 1.573027588773337, "y": 3.1107700442480843, "z": 0.0}, "35": {"x": 2.3898678976518952, "y": 3.1843773000584563, "z": 0.0}, "36": {"x": 3.2423608867426634, "y": 3.2423608867426625, "z": 0.0}, "37": {"x": 4.116200409788813, "y": 3.2789979394714885, "z": 0.0}, "38": {"x": 4.999999999999998, "y": 3.2914852728822024, "z": 0.0}, "39": {"x": 5.883799590211183, "y": 3.2789979394714885, "z": 0.0}, "40": {"x": 6.757639113257333, "y": 3.2423608867426643, "z": 0.0}, "41": {"x": 7.610132102348102, "y": 3.184377300058459, "z": 0.0}, "42": {"x": 8.426972411226663, "y": 3.1107700442480875, "z": 0.0}, "43": {"x": 9.189679813448324, "y": 3.031361984334129, "z": 0.0}, "44": {"x": 0.9203338719169718, "y": 4.017517541919478, "z": 0.0}, "45": {"x": 1.6565729940748355, "y": 4.054248536967833, "z": 0.0}, "46": {"x": 2.448411407552274, "y": 4.088706561703774, "z": 0.0}, "47": {"x": 3.278997939471489, "y": 4.116200409788813, "z": 0.0}, "48": {"x": 4.1337341907088145, "y": 4.133734190708814, "z": 0.0}, "49": {"x": 4.999999999999999, "y": 4.139738413574958, "z": 0.0}, "50": {"x": 5.866265809291183, "y": 4.1337341907088145, "z": 0.0}, "51": {"x": 6.721002060528508, "y": 4.116200409788814, "z": 0.0}, "52": {"x": 7.551588592447723, "y": 4.088706561703776, "z": 0.0}, "53": {"x": 8.343427005925163, "y": 4.054248536967837, "z": 0.0}, "54": {"x": 9.079666128083025, "y": 4.017517541919482, "z": 0.0}, "55": {"x": 0.9567236450664854, "y": 4.999999999999994, "z": 0.0}, "56": {"x": 1.6845191080567583, "y": 4.999999999999996, "z": 0.0}, "57": {"x": 2.4682067990108774, "y": 4.999999999999997, "z": 0.0}, "58": {"x": 3.2914852728822037, "y": 4.999999999999998, "z": 0.0}, "59": {"x": 4.139738413574958, "y": 4.999999999999998, "z": 0.0}, "60": {"x": 4.999999999999999, "y": 4.999999999999998, "z": 0.0}, "61": {"x": 5.8602615864250405, "y": 4.999999999999999, "z": 0.0}, "62": {"x": 6.708514727117794, "y": 4.999999999999998, "z": 0.0}, "63": {"x": 7.531793200989121, "y": 4.999999999999998, "z": 0.0}, "64": {"x": 8.31548089194324, "y": 4.999999999999999, "z": 0.0}, "65": {"x": 9.043276354933512, "y": 5.000000000000001, "z": 0.0}, "66": {"x": 0.920333871916972, "y": 5.982482458080512, "z": 0.0}, "67": {"x": 1.6565729940748355, "y": 5.945751463032158, "z": 0.0}, "68": {"x": 2.4484114075522743, "y": 5.911293438296219, "z": 0.0}, "69": {"x": 3.27899793947149, "y": 5.883799590211183, "z": 0.0}, "70": {"x": 4.133734190708815, "y": 5.866265809291182, "z": 0.0}, "71": {"x": 4.999999999999999, "y": 5.860261586425039, "z": 0.0}, "72": {"x": 5.866265809291183, "y": 5.866265809291182, "z": 0.0}, "73": {"x": 6.72100206052851, "y": 5.883799590211185, "z": 0.0}, "74": {"x": 7.5515885924477235, "y": 5.911293438296222, "z": 0.0}, "75": {"x": 8.343427005925163, "y": 5.945751463032162, "z": 0.0}, "76": {"x": 9.079666128083026, "y": 5.982482458080518, "z": 0.0}, "77": {"x": 0.8103201865516722, "y": 6.968638015665867, "z": 0.0}, "78": {"x": 1.5730275887733371, "y": 6.889229955751908, "z": 0.0}, "79": {"x": 2.389867897651896, "y": 6.815622699941537, "z": 0.0}, "80": {"x": 3.2423608867426648, "y": 6.757639113257331, "z": 0.0}, "81": {"x": 4.116200409788814, "y": 6.721002060528506, "z": 0.0}, "82": {"x": 4.999999999999999, "y": 6.708514727117792, "z": 0.0}, "83": {"x": 5.883799590211184, "y": 6.721002060528506, "z": 0.0}, "84": {"x": 6.757639113257332, "y": 6.757639113257331, "z": 0.0}, "85": {"x": 7.610132102348102, "y": 6.815622699941539, "z": 0.0}, "86": {"x": 8.42697241122666, "y": 6.889229955751912, "z": 0.0}, "87": {"x": 9.189679813448324, "y": 6.968638015665871, "z": 0.0}, "88": {"x": 0.6240357609642061, "y": 7.962734379242617, "z": 0.0}, "89": {"x": 1.4353492768149443, "y": 7.82690764436807, "z": 0.0}, "90": {"x": 2.2956717075393054, "y": 7.704328292460687, "z": 0.0}, "91": {"x": 3.184377300058458, "y": 7.610132102348098, "z": 0.0}, "92": {"x": 4.088706561703777, "y": 7.551588592447719, "z": 0.0}, "93": {"x": 4.999999999999998, "y": 7.5317932009891155, "z": 0.0}, "94": {"x": 5.91129343829622, "y": 7.551588592447719, "z": 0.0}, "95": {"x": 6.815622699941538, "y": 7.6101321023481, "z": 0.0}, "96": {"x": 7.704328292460691, "y": 7.70432829246069, "z": 0.0}, "97": {"x": 8.564650723185053, "y": 7.826907644368072, "z": 0.0}, "98": {"x": 9.375964239035792, "y": 7.962734379242619, "z": 0.0}, "99": {"x": 0.3566199837916661, "y": 8.97041341630682, "z": 0.0}, "100": {"x": 1.248662049982928, "y": 8.751337950017067, "z": 0.0}, "101": {"x": 2.173092355631925, "y": 8.56465072318505, "z": 0.0}, "102": {"x": 3.1107700442480857, "y": 8.426972411226656, "z": 0.0}, "103": {"x": 4.054248536967834, "y": 8.343427005925156, "z": 0.0}, "104": {"x": 4.999999999999996, "y": 8.315480891943231, "z": 0.0}, "105": {"x": 5.945751463032161, "y": 8.343427005925157, "z": 0.0}, "106": {"x": 6.88922995575191, "y": 8.426972411226657, "z": 0.0}, "107": {"x": 7.826907644368072, "y": 8.564650723185052, "z": 0.0}, "108": {"x": 8.751337950017069, "y": 8.751337950017069, "z": 0.0}, "109": {"x": 9.643380016208333, "y": 8.97041341630682, "z": 0.0}, "110": {"x": 0.0, "y": 10.0, "z": 0.0, "is_anchor": true}, "111": {"x": 1.0295865836931768, "y": 9.64338001620833, "z": 0.0}, "112": {"x": 2.0372656207573785, "y": 9.375964239035786, "z": 0.0}, "113": {"x": 3.0313619843341257, "y": 9.189679813448317,